_id,__v,codetype_id,createdAt,download_links,download_times,is_complete,is_sale,label,picture,platform_id,price,project_display,project_experience,project_introduce,sale_number,shop_name,shop_sort,type_id,updatedAt
62ab22152be97f6b3b887064,0,62738e57c453807fec5b4b21,16/6/2022 12:29:09.77,https://files.idleduck.cn/file/全屏美味餐厅咖啡店-1655194347209.zip,0,FALSE,TRUE,"[ ""HTML"", ""CSS"", ""JavaScript"" ]",https://files.idleduck.cn/public/全屏美味餐厅咖啡店/picture.png,62738db4c453807fec5b4b11,1,[ ],https://files.idleduck.cn/public/全屏美味餐厅咖啡店/index.html,<p><img src="https://files.idleduck.cn/public/全屏美味餐厅咖啡店/display.png?imageMogr2/format/webp/thumbnail/!80p" alt="image"></p>,0,全屏美味餐厅咖啡店,16/6/2022 12:29:09.765,62738f9d5736a80d677b226b,16/6/2022 12:29:09.77
62ab22152be97f6b3b887066,0,62738e57c453807fec5b4b21,16/6/2022 12:29:09.879,https://files.idleduck.cn/file/扁平化宠物商店购物商城响应式-1655195759828.zip,0,FALSE,TRUE,"[ ""HTML"", ""CSS"", ""JavaScript"" ]",https://files.idleduck.cn/public/扁平化宠物商店购物商城响应式/picture.png,62738db4c453807fec5b4b11,1,[ ],https://files.idleduck.cn/public/扁平化宠物商店购物商城响应式/index.html,<p><img src="https://files.idleduck.cn/public/扁平化宠物商店购物商城响应式/display.png?imageMogr2/format/webp/thumbnail/!80p" alt="image"></p>,0,扁平化宠物商店购物商城响应式,16/6/2022 12:29:09.879,62738f2a5736a80d677b225f,16/6/2022 12:29:09.879
62ab22152be97f6b3b887068,0,62738e57c453807fec5b4b21,16/6/2022 12:29:09.983,https://files.idleduck.cn/file/蓝色简洁个人摄影作品展示blog-1655198738864.zip,0,FALSE,TRUE,"[ ""HTML"", ""CSS"", ""JavaScript"" ]",https://files.idleduck.cn/public/蓝色简洁个人摄影作品展示blog/picture.png,62738db4c453807fec5b4b11,1,[ ],https://files.idleduck.cn/public/蓝色简洁个人摄影作品展示blog/index.html,<p><img src="https://files.idleduck.cn/public/蓝色简洁个人摄影作品展示blog/display.png?imageMogr2/format/webp/thumbnail/!80p" alt="image"></p>,0,蓝色简洁个人摄影作品展示blog,16/6/2022 12:29:09.981,62a9a1e7a1cb2d6d14571c82,16/6/2022 12:29:09.983
62ab22162be97f6b3b88706a,0,62738e57c453807fec5b4b21,16/6/2022 12:29:10.085,https://files.idleduck.cn/file/蓝色仿oppo手机建站html源码-1655198349988.zip,0,FALSE,TRUE,"[ ""HTML"", ""CSS"", ""JavaScript"" ]",https://files.idleduck.cn/public/蓝色仿oppo手机建站html源码/picture.png,62738db4c453807fec5b4b11,1,[ ],https://files.idleduck.cn/public/蓝色仿oppo手机建站html源码/index.html,<p><img src="https://files.idleduck.cn/public/蓝色仿oppo手机建站html源码/display.png?imageMogr2/format/webp/thumbnail/!80p" alt="image"></p>,0,蓝色仿oppo手机建站html源码,16/6/2022 12:29:10.085,62a9a249a1cb2d6d14571c94,16/6/2022 12:29:10.085
62ab22162be97f6b3b88706c,0,62738e57c453807fec5b4b21,16/6/2022 12:29:10.188,https://files.idleduck.cn/file/紫色休闲时光响应式-1655197540077.zip,0,FALSE,TRUE,"[ ""HTML"", ""CSS"", ""JavaScript"" ]",https://files.idleduck.cn/public/紫色休闲时光响应式/picture.png,62738db4c453807fec5b4b11,1,[ ],https://files.idleduck.cn/public/紫色休闲时光响应式/index.html,<p><img src="https://files.idleduck.cn/public/紫色休闲时光响应式/display.png?imageMogr2/format/webp/thumbnail/!80p" alt="image"></p>,0,紫色休闲时光响应式,16/6/2022 12:29:10.187,62a9a1e7a1cb2d6d14571c82,16/6/2022 12:29:10.188
62ab22162be97f6b3b88706e,0,62738e57c453807fec5b4b21,16/6/2022 12:29:10.29,https://files.idleduck.cn/file/简约大型项目施工-1655197126191.zip,0,FALSE,TRUE,"[ ""HTML"", ""CSS"", ""JavaScript"" ]",https://files.idleduck.cn/public/简约大型项目施工/picture.png,62738db4c453807fec5b4b11,1,[ ],https://files.idleduck.cn/public/简约大型项目施工/index.html,<p><img src="https://files.idleduck.cn/public/简约大型项目施工/display.png?imageMogr2/format/webp/thumbnail/!80p" alt="image"></p>,0,简约大型项目施工,16/6/2022 12:29:10.289,62738f2b5736a80d677b2263,16/6/2022 12:29:10.29
62ab22162be97f6b3b887070,0,62738e57c453807fec5b4b21,16/6/2022 12:29:10.392,https://files.idleduck.cn/file/web flat ui框架-1655193999495.zip,0,FALSE,TRUE,"[ ""HTML"", ""CSS"", ""JavaScript"" ]",https://files.idleduck.cn/public/web flat ui框架/picture.png,62738db4c453807fec5b4b11,1,[ ],https://files.idleduck.cn/public/web flat ui框架/index.html,<p><img src="https://files.idleduck.cn/public/web flat ui框架/display.png?imageMogr2/format/webp/thumbnail/!80p" alt="image"></p>,0,web flat ui框架,16/6/2022 12:29:10.391,62a9a249a1cb2d6d14571c94,16/6/2022 12:29:10.392
62ab22162be97f6b3b887072,0,62738e57c453807fec5b4b21,16/6/2022 12:29:10.495,https://files.idleduck.cn/file/浅灰色UI设计bootstrap后台-1655196175726.zip,0,FALSE,TRUE,"[ ""HTML"", ""CSS"", ""JavaScript"" ]",https://files.idleduck.cn/public/浅灰色UI设计bootstrap后台/picture.png,62738db4c453807fec5b4b11,1,[ ],https://files.idleduck.cn/public/浅灰色UI设计bootstrap后台/index.html,<p><img src="https://files.idleduck.cn/public/浅灰色UI设计bootstrap后台/display.png?imageMogr2/format/webp/thumbnail/!80p" alt="image"></p>,0,浅灰色UI设计bootstrap后台,16/6/2022 12:29:10.494,62a9a5baa1cb2d6d14571d51,16/6/2022 12:29:10.495
62ab22162be97f6b3b887074,0,62738e57c453807fec5b4b21,16/6/2022 12:29:10.597,https://files.idleduck.cn/file/白色简洁钢铁产品生产销售-1655196569706.zip,0,FALSE,TRUE,"[ ""HTML"", ""CSS"", ""JavaScript"" ]",https://files.idleduck.cn/public/白色简洁钢铁产品生产销售/picture.png,62738db4c453807fec5b4b11,1,[ ],https://files.idleduck.cn/public/白色简洁钢铁产品生产销售/index.html,<p><img src="https://files.idleduck.cn/public/白色简洁钢铁产品生产销售/display.png?imageMogr2/format/webp/thumbnail/!80p" alt="image"></p>,0,白色简洁钢铁产品生产销售,16/6/2022 12:29:10.596,62738f2b5736a80d677b2263,16/6/2022 12:29:10.597
62ab22162be97f6b3b887076,0,62738e57c453807fec5b4b21,16/6/2022 12:29:10.699,https://files.idleduck.cn/file/蓝色大气互联网科技自由职业者-1655198500124.zip,0,FALSE,TRUE,"[ ""HTML"", ""CSS"", ""JavaScript"" ]",https://files.idleduck.cn/public/蓝色大气互联网科技自由职业者/picture.png,62738db4c453807fec5b4b11,1,[ ],https://files.idleduck.cn/public/蓝色大气互联网科技自由职业者/index.html,<p><img src="https://files.idleduck.cn/public/蓝色大气互联网科技自由职业者/display.png?imageMogr2/format/webp/thumbnail/!80p" alt="image"></p>,0,蓝色大气互联网科技自由职业者,16/6/2022 12:29:10.698,62a9a249a1cb2d6d14571c94,16/6/2022 12:29:10.699
62ab22162be97f6b3b887078,0,62738e57c453807fec5b4b21,16/6/2022 12:29:10.801,https://files.idleduck.cn/file/大气创意-1655195101161.zip,0,FALSE,TRUE,"[ ""HTML"", ""CSS"", ""JavaScript"" ]",https://files.idleduck.cn/public/大气创意/picture.png,62738db4c453807fec5b4b11,1,[ ],https://files.idleduck.cn/public/大气创意/index.html,<p><img src="https://files.idleduck.cn/public/大气创意/display.png?imageMogr2/format/webp/thumbnail/!80p" alt="image"></p>,0,大气创意,16/6/2022 12:29:10.801,62738f2b5736a80d677b2263,16/6/2022 12:29:10.801
62ab22162be97f6b3b88707a,0,62738e57c453807fec5b4b21,16/6/2022 12:29:10.903,https://files.idleduck.cn/file/渐变设计漂亮的摄影图库gallery-1655196360049.zip,0,FALSE,TRUE,"[ ""HTML"", ""CSS"", ""JavaScript"" ]",https://files.idleduck.cn/public/渐变设计漂亮的摄影图库gallery/picture.png,62738db4c453807fec5b4b11,1,[ ],https://files.idleduck.cn/public/渐变设计漂亮的摄影图库gallery/index.html,<p><img src="https://files.idleduck.cn/public/渐变设计漂亮的摄影图库gallery/display.png?imageMogr2/format/webp/thumbnail/!80p" alt="image"></p>,0,渐变设计漂亮的摄影图库gallery,16/6/2022 12:29:10.902,62a9a5baa1cb2d6d14571d51,16/6/2022 12:29:10.903
62ab22172be97f6b3b88707c,0,62738e57c453807fec5b4b21,16/6/2022 12:29:11.005,https://files.idleduck.cn/file/大气旅行景区服务展示-1655195180741.zip,0,FALSE,TRUE,"[ ""HTML"", ""CSS"", ""JavaScript"" ]",https://files.idleduck.cn/public/大气旅行景区服务展示/picture.png,62738db4c453807fec5b4b11,1,[ ],https://files.idleduck.cn/public/大气旅行景区服务展示/index.html,<p><img src="https://files.idleduck.cn/public/大气旅行景区服务展示/display.png?imageMogr2/format/webp/thumbnail/!80p" alt="image"></p>,0,大气旅行景区服务展示,16/6/2022 12:29:11.005,62738f205736a80d677b224d,16/6/2022 12:29:11.005
62ab22172be97f6b3b88707e,0,62738e57c453807fec5b4b21,16/6/2022 12:29:11.109,https://files.idleduck.cn/file/黑色经典服装休闲鞋商城-1655199402002.zip,0,FALSE,TRUE,"[ ""HTML"", ""CSS"", ""JavaScript"" ]",https://files.idleduck.cn/public/黑色经典服装休闲鞋商城/picture.png,62738db4c453807fec5b4b11,1,[ ],https://files.idleduck.cn/public/黑色经典服装休闲鞋商城/index.html,<p><img src="https://files.idleduck.cn/public/黑色经典服装休闲鞋商城/display.png?imageMogr2/format/webp/thumbnail/!80p" alt="image"></p>,0,黑色经典服装休闲鞋商城,16/6/2022 12:29:11.108,62738f2a5736a80d677b225f,16/6/2022 12:29:11.109
62ab22172be97f6b3b887080,0,62738e57c453807fec5b4b21,16/6/2022 12:29:11.21,https://files.idleduck.cn/file/绿色家居建材购物商城-1655197959245.zip,0,FALSE,TRUE,"[ ""HTML"", ""CSS"", ""JavaScript"" ]",https://files.idleduck.cn/public/绿色家居建材购物商城/picture.png,62738db4c453807fec5b4b11,1,[ ],https://files.idleduck.cn/public/绿色家居建材购物商城/index.html,<p><img src="https://files.idleduck.cn/public/绿色家居建材购物商城/display.png?imageMogr2/format/webp/thumbnail/!80p" alt="image"></p>,0,绿色家居建材购物商城,16/6/2022 12:29:11.21,62738f2a5736a80d677b225f,16/6/2022 12:29:11.21
62ab22172be97f6b3b887082,0,62738e57c453807fec5b4b21,16/6/2022 12:29:11.312,https://files.idleduck.cn/file/左边栏响应式统计图表后台管理-1655195664884.zip,0,FALSE,TRUE,"[ ""HTML"", ""CSS"", ""JavaScript"" ]",https://files.idleduck.cn/public/左边栏响应式统计图表后台管理/picture.png,62738db4c453807fec5b4b11,1,[ ],https://files.idleduck.cn/public/左边栏响应式统计图表后台管理/index.html,<p><img src="https://files.idleduck.cn/public/左边栏响应式统计图表后台管理/display.png?imageMogr2/format/webp/thumbnail/!80p" alt="image"></p>,0,左边栏响应式统计图表后台管理,16/6/2022 12:29:11.312,62738f215736a80d677b224f,16/6/2022 12:29:11.312
62ab22172be97f6b3b887084,0,62738e57c453807fec5b4b21,16/6/2022 12:29:11.415,https://files.idleduck.cn/file/轻量化设计初创公司bootstrap4-1655198989416.zip,0,FALSE,TRUE,"[ ""HTML"", ""CSS"", ""JavaScript"" ]",https://files.idleduck.cn/public/轻量化设计初创公司bootstrap4/picture.png,62738db4c453807fec5b4b11,1,[ ],https://files.idleduck.cn/public/轻量化设计初创公司bootstrap4/index.html,<p><img src="https://files.idleduck.cn/public/轻量化设计初创公司bootstrap4/display.png?imageMogr2/format/webp/thumbnail/!80p" alt="image"></p>,0,轻量化设计初创公司bootstrap4,16/6/2022 12:29:11.414,62a9a5baa1cb2d6d14571d51,16/6/2022 12:29:11.415
62ab22172be97f6b3b887086,0,62738e57c453807fec5b4b21,16/6/2022 12:29:11.516,https://files.idleduck.cn/file/精品website互联网公司响应式整站-1655197371781.zip,0,FALSE,TRUE,"[ ""HTML"", ""CSS"", ""JavaScript"" ]",https://files.idleduck.cn/public/精品website互联网公司响应式整站/picture.png,62738db4c453807fec5b4b11,1,[ ],https://files.idleduck.cn/public/精品website互联网公司响应式整站/index.html,<p><img src="https://files.idleduck.cn/public/精品website互联网公司响应式整站/display.png?imageMogr2/format/webp/thumbnail/!80p" alt="image"></p>,0,精品website互联网公司响应式整站,16/6/2022 12:29:11.516,62738f2b5736a80d677b2263,16/6/2022 12:29:11.516
62ab22172be97f6b3b887088,0,62738e57c453807fec5b4b21,16/6/2022 12:29:11.618,https://files.idleduck.cn/file/响应式健康美食专家餐饮行业-1655194665491.zip,0,FALSE,TRUE,"[ ""HTML"", ""CSS"", ""JavaScript"" ]",https://files.idleduck.cn/public/响应式健康美食专家餐饮行业/picture.png,62738db4c453807fec5b4b11,1,[ ],https://files.idleduck.cn/public/响应式健康美食专家餐饮行业/index.html,<p><img src="https://files.idleduck.cn/public/响应式健康美食专家餐饮行业/display.png?imageMogr2/format/webp/thumbnail/!80p" alt="image"></p>,0,响应式健康美食专家餐饮行业,16/6/2022 12:29:11.618,62a9a194a1cb2d6d14571c6a,16/6/2022 12:29:11.618
62ab22172be97f6b3b88708a,0,62738e57c453807fec5b4b21,16/6/2022 12:29:11.72,https://files.idleduck.cn/file/数码电子产品自适应-1655195841398.zip,0,FALSE,TRUE,"[ ""HTML"", ""CSS"", ""JavaScript"" ]",https://files.idleduck.cn/public/数码电子产品自适应/picture.png,62738db4c453807fec5b4b11,1,[ ],https://files.idleduck.cn/public/数码电子产品自适应/index.html,<p><img src="https://files.idleduck.cn/public/数码电子产品自适应/display.png?imageMogr2/format/webp/thumbnail/!80p" alt="image"></p>,0,数码电子产品自适应,16/6/2022 12:29:11.72,62738f2b5736a80d677b2263,16/6/2022 12:29:11.72
62ab22172be97f6b3b88708c,0,62738e57c453807fec5b4b21,16/6/2022 12:29:11.822,https://files.idleduck.cn/file/可爱毛绒玩具网上商城响应式-1655194610709.zip,0,FALSE,TRUE,"[ ""HTML"", ""CSS"", ""JavaScript"" ]",https://files.idleduck.cn/public/可爱毛绒玩具网上商城响应式/picture.png,62738db4c453807fec5b4b11,1,[ ],https://files.idleduck.cn/public/可爱毛绒玩具网上商城响应式/index.html,<p><img src="https://files.idleduck.cn/public/可爱毛绒玩具网上商城响应式/display.png?imageMogr2/format/webp/thumbnail/!80p" alt="image"></p>,0,可爱毛绒玩具网上商城响应式,16/6/2022 12:29:11.822,62738f2a5736a80d677b225f,16/6/2022 12:29:11.822
62ab22172be97f6b3b88708e,0,62738e57c453807fec5b4b21,16/6/2022 12:29:11.924,https://files.idleduck.cn/file/漂亮扁平化IDC机房托管公司-1655196401809.zip,0,FALSE,TRUE,"[ ""HTML"", ""CSS"", ""JavaScript"" ]",https://files.idleduck.cn/public/漂亮扁平化IDC机房托管公司/picture.png,62738db4c453807fec5b4b11,1,[ ],https://files.idleduck.cn/public/漂亮扁平化IDC机房托管公司/index.html,<p><img src="https://files.idleduck.cn/public/漂亮扁平化IDC机房托管公司/display.png?imageMogr2/format/webp/thumbnail/!80p" alt="image"></p>,0,漂亮扁平化IDC机房托管公司,16/6/2022 12:29:11.923,62738f2b5736a80d677b2263,16/6/2022 12:29:11.924
62ab22182be97f6b3b887090,0,62738e57c453807fec5b4b21,16/6/2022 12:29:12.026,https://files.idleduck.cn/file/Bootstrap响应式医院病人病例管理系统-1655193472725.zip,0,FALSE,TRUE,"[ ""HTML"", ""CSS"", ""JavaScript"" ]",https://files.idleduck.cn/public/Bootstrap响应式医院病人病例管理系统/picture.png,62738db4c453807fec5b4b11,1,[ ],https://files.idleduck.cn/public/Bootstrap响应式医院病人病例管理系统/index.html,<p><img src="https://files.idleduck.cn/public/Bootstrap响应式医院病人病例管理系统/display.png?imageMogr2/format/webp/thumbnail/!80p" alt="image"></p>,0,Bootstrap响应式医院病人病例管理系统,16/6/2022 12:29:12.026,62738f215736a80d677b224f,16/6/2022 12:29:12.026
62ab22182be97f6b3b887092,0,62738e57c453807fec5b4b21,16/6/2022 12:29:12.128,https://files.idleduck.cn/file/户外极限运动爱好者响应式-1655195736813.zip,0,FALSE,TRUE,"[ ""HTML"", ""CSS"", ""JavaScript"" ]",https://files.idleduck.cn/public/户外极限运动爱好者响应式/picture.png,62738db4c453807fec5b4b11,1,[ ],https://files.idleduck.cn/public/户外极限运动爱好者响应式/index.html,<p><img src="https://files.idleduck.cn/public/户外极限运动爱好者响应式/display.png?imageMogr2/format/webp/thumbnail/!80p" alt="image"></p>,0,户外极限运动爱好者响应式,16/6/2022 12:29:12.128,62a9a230a1cb2d6d14571c8b,16/6/2022 12:29:12.128
62ab22182be97f6b3b887094,0,62738e57c453807fec5b4b21,16/6/2022 12:29:12.231,https://files.idleduck.cn/file/房屋出租中介-1655195745074.zip,0,FALSE,TRUE,"[ ""HTML"", ""CSS"", ""JavaScript"" ]",https://files.idleduck.cn/public/房屋出租中介/picture.png,62738db4c453807fec5b4b11,1,[ ],https://files.idleduck.cn/public/房屋出租中介/index.html,<p><img src="https://files.idleduck.cn/public/房屋出租中介/display.png?imageMogr2/format/webp/thumbnail/!80p" alt="image"></p>,0,房屋出租中介,16/6/2022 12:29:12.23,62a9a1d0a1cb2d6d14571c7c,16/6/2022 12:29:12.231
62ab22182be97f6b3b887096,0,62738e57c453807fec5b4b21,16/6/2022 12:29:12.332,https://files.idleduck.cn/file/绿色响应式企业财务管理服务-1655197899282.zip,0,FALSE,TRUE,"[ ""HTML"", ""CSS"", ""JavaScript"" ]",https://files.idleduck.cn/public/绿色响应式企业财务管理服务/picture.png,62738db4c453807fec5b4b11,1,[ ],https://files.idleduck.cn/public/绿色响应式企业财务管理服务/index.html,<p><img src="https://files.idleduck.cn/public/绿色响应式企业财务管理服务/display.png?imageMogr2/format/webp/thumbnail/!80p" alt="image"></p>,0,绿色响应式企业财务管理服务,16/6/2022 12:29:12.332,62738f215736a80d677b224f,16/6/2022 12:29:12.332
62ab22182be97f6b3b887098,0,62738e57c453807fec5b4b21,16/6/2022 12:29:12.434,https://files.idleduck.cn/file/IT worker portfolio个人主页-1655193739614.zip,0,FALSE,TRUE,"[ ""HTML"", ""CSS"", ""JavaScript"" ]",https://files.idleduck.cn/public/IT worker portfolio个人主页/picture.png,62738db4c453807fec5b4b11,1,[ ],https://files.idleduck.cn/public/IT worker portfolio个人主页/index.html,<p><img src="https://files.idleduck.cn/public/IT worker portfolio个人主页/display.png?imageMogr2/format/webp/thumbnail/!80p" alt="image"></p>,0,IT worker portfolio个人主页,16/6/2022 12:29:12.434,62738f255736a80d677b2257,16/6/2022 12:29:12.434
62ab22182be97f6b3b88709a,0,62738e57c453807fec5b4b21,16/6/2022 12:29:12.536,https://files.idleduck.cn/file/蓝色清爽设计IT互联网-1655198686728.zip,0,FALSE,TRUE,"[ ""HTML"", ""CSS"", ""JavaScript"" ]",https://files.idleduck.cn/public/蓝色清爽设计IT互联网/picture.png,62738db4c453807fec5b4b11,1,[ ],https://files.idleduck.cn/public/蓝色清爽设计IT互联网/index.html,<p><img src="https://files.idleduck.cn/public/蓝色清爽设计IT互联网/display.png?imageMogr2/format/webp/thumbnail/!80p" alt="image"></p>,0,蓝色清爽设计IT互联网,16/6/2022 12:29:12.535,62a9a249a1cb2d6d14571c94,16/6/2022 12:29:12.536
62ab22182be97f6b3b88709c,0,62738e57c453807fec5b4b21,16/6/2022 12:29:12.637,https://files.idleduck.cn/file/简洁大气金融信息服务公司-1655196795447.zip,0,FALSE,TRUE,"[ ""HTML"", ""CSS"", ""JavaScript"" ]",https://files.idleduck.cn/public/简洁大气金融信息服务公司/picture.png,62738db4c453807fec5b4b11,1,[ ],https://files.idleduck.cn/public/简洁大气金融信息服务公司/index.html,<p><img src="https://files.idleduck.cn/public/简洁大气金融信息服务公司/display.png?imageMogr2/format/webp/thumbnail/!80p" alt="image"></p>,0,简洁大气金融信息服务公司,16/6/2022 12:29:12.637,62738f2b5736a80d677b2263,16/6/2022 12:29:12.637
62ab22182be97f6b3b88709e,0,62738e57c453807fec5b4b21,16/6/2022 12:29:12.74,https://files.idleduck.cn/file/简约纯净设计公司单页-1655197261977.zip,0,FALSE,TRUE,"[ ""HTML"", ""CSS"", ""JavaScript"" ]",https://files.idleduck.cn/public/简约纯净设计公司单页/picture.png,62738db4c453807fec5b4b11,1,[ ],https://files.idleduck.cn/public/简约纯净设计公司单页/index.html,<p><img src="https://files.idleduck.cn/public/简约纯净设计公司单页/display.png?imageMogr2/format/webp/thumbnail/!80p" alt="image"></p>,0,简约纯净设计公司单页,16/6/2022 12:29:12.74,62a9a5baa1cb2d6d14571d51,16/6/2022 12:29:12.74
62ab22182be97f6b3b8870a0,0,62738e57c453807fec5b4b21,16/6/2022 12:29:12.842,https://files.idleduck.cn/file/瀑布流相册摄影图片展示响应式-1655196430539.zip,0,FALSE,TRUE,"[ ""HTML"", ""CSS"", ""JavaScript"" ]",https://files.idleduck.cn/public/瀑布流相册摄影图片展示响应式/picture.png,62738db4c453807fec5b4b11,1,[ ],https://files.idleduck.cn/public/瀑布流相册摄影图片展示响应式/index.html,<p><img src="https://files.idleduck.cn/public/瀑布流相册摄影图片展示响应式/display.png?imageMogr2/format/webp/thumbnail/!80p" alt="image"></p>,0,瀑布流相册摄影图片展示响应式,16/6/2022 12:29:12.842,62738f285736a80d677b225d,16/6/2022 12:29:12.842
62ab22182be97f6b3b8870a2,0,62738e57c453807fec5b4b21,16/6/2022 12:29:12.944,https://files.idleduck.cn/file/响应式网站销售网络外包服务公司网站-1655194841802.zip,0,FALSE,TRUE,"[ ""HTML"", ""CSS"", ""JavaScript"" ]",https://files.idleduck.cn/public/响应式网站销售网络外包服务公司网站/picture.png,62738db4c453807fec5b4b11,1,[ ],https://files.idleduck.cn/public/响应式网站销售网络外包服务公司网站/index.html,<p><img src="https://files.idleduck.cn/public/响应式网站销售网络外包服务公司网站/display.png?imageMogr2/format/webp/thumbnail/!80p" alt="image"></p>,0,响应式网站销售网络外包服务公司网站,16/6/2022 12:29:12.943,62738f2b5736a80d677b2263,16/6/2022 12:29:12.944
62ab22192be97f6b3b8870a4,0,62738e57c453807fec5b4b21,16/6/2022 12:29:13.047,https://files.idleduck.cn/file/大气灯具品牌商城响应式通用-1655195210832.zip,0,FALSE,TRUE,"[ ""HTML"", ""CSS"", ""JavaScript"" ]",https://files.idleduck.cn/public/大气灯具品牌商城响应式通用/picture.png,62738db4c453807fec5b4b11,1,[ ],https://files.idleduck.cn/public/大气灯具品牌商城响应式通用/index.html,<p><img src="https://files.idleduck.cn/public/大气灯具品牌商城响应式通用/display.png?imageMogr2/format/webp/thumbnail/!80p" alt="image"></p>,0,大气灯具品牌商城响应式通用,16/6/2022 12:29:13.046,62738f2a5736a80d677b225f,16/6/2022 12:29:13.047
62ab22192be97f6b3b8870a6,0,62738e57c453807fec5b4b21,16/6/2022 12:29:13.149,https://files.idleduck.cn/file/蓝色清新理财平台-1655198654251.zip,0,FALSE,TRUE,"[ ""HTML"", ""CSS"", ""JavaScript"" ]",https://files.idleduck.cn/public/蓝色清新理财平台/picture.png,62738db4c453807fec5b4b11,1,[ ],https://files.idleduck.cn/public/蓝色清新理财平台/index.html,<p><img src="https://files.idleduck.cn/public/蓝色清新理财平台/display.png?imageMogr2/format/webp/thumbnail/!80p" alt="image"></p>,0,蓝色清新理财平台,16/6/2022 12:29:13.148,62738f2b5736a80d677b2263,16/6/2022 12:29:13.149
62ab22192be97f6b3b8870a8,0,62738e57c453807fec5b4b21,16/6/2022 12:29:13.251,https://files.idleduck.cn/file/桑拿按摩会所多页面-1655195998831.zip,0,FALSE,TRUE,"[ ""HTML"", ""CSS"", ""JavaScript"" ]",https://files.idleduck.cn/public/桑拿按摩会所多页面/picture.png,62738db4c453807fec5b4b11,1,[ ],https://files.idleduck.cn/public/桑拿按摩会所多页面/index.html,<p><img src="https://files.idleduck.cn/public/桑拿按摩会所多页面/display.png?imageMogr2/format/webp/thumbnail/!80p" alt="image"></p>,0,桑拿按摩会所多页面,16/6/2022 12:29:13.25,62738f2b5736a80d677b2263,16/6/2022 12:29:13.251
62ab22192be97f6b3b8870aa,0,62738e57c453807fec5b4b21,16/6/2022 12:29:13.352,https://files.idleduck.cn/file/宽屏工艺设计公司-1655195472015.zip,0,FALSE,TRUE,"[ ""HTML"", ""CSS"", ""JavaScript"" ]",https://files.idleduck.cn/public/宽屏工艺设计公司/picture.png,62738db4c453807fec5b4b11,1,[ ],https://files.idleduck.cn/public/宽屏工艺设计公司/index.html,<p><img src="https://files.idleduck.cn/public/宽屏工艺设计公司/display.png?imageMogr2/format/webp/thumbnail/!80p" alt="image"></p>,0,宽屏工艺设计公司,16/6/2022 12:29:13.351,62a9a5baa1cb2d6d14571d51,16/6/2022 12:29:13.352
62ab22192be97f6b3b8870ac,0,62738e57c453807fec5b4b21,16/6/2022 12:29:13.453,https://files.idleduck.cn/file/彩色中文餐饮管理餐饮运营行业-1655195709869.zip,0,FALSE,TRUE,"[ ""HTML"", ""CSS"", ""JavaScript"" ]",https://files.idleduck.cn/public/彩色中文餐饮管理餐饮运营行业/picture.png,62738db4c453807fec5b4b11,1,[ ],https://files.idleduck.cn/public/彩色中文餐饮管理餐饮运营行业/index.html,<p><img src="https://files.idleduck.cn/public/彩色中文餐饮管理餐饮运营行业/display.png?imageMogr2/format/webp/thumbnail/!80p" alt="image"></p>,0,彩色中文餐饮管理餐饮运营行业,16/6/2022 12:29:13.453,62738f9d5736a80d677b226b,16/6/2022 12:29:13.453
62ab22192be97f6b3b8870ae,0,62738e57c453807fec5b4b21,16/6/2022 12:29:13.555,https://files.idleduck.cn/file/简洁紫色精美Bootstrap4-1655196952929.zip,0,FALSE,TRUE,"[ ""HTML"", ""CSS"", ""JavaScript"" ]",https://files.idleduck.cn/public/简洁紫色精美Bootstrap4/picture.png,62738db4c453807fec5b4b11,1,[ ],https://files.idleduck.cn/public/简洁紫色精美Bootstrap4/index.html,<p><img src="https://files.idleduck.cn/public/简洁紫色精美Bootstrap4/display.png?imageMogr2/format/webp/thumbnail/!80p" alt="image"></p>,0,简洁紫色精美Bootstrap4,16/6/2022 12:29:13.554,62738f2b5736a80d677b2263,16/6/2022 12:29:13.555
62ab22192be97f6b3b8870b0,0,62738e57c453807fec5b4b21,16/6/2022 12:29:13.657,https://files.idleduck.cn/file/灰色简约家具设计制造-1655196457279.zip,0,FALSE,TRUE,"[ ""HTML"", ""CSS"", ""JavaScript"" ]",https://files.idleduck.cn/public/灰色简约家具设计制造/picture.png,62738db4c453807fec5b4b11,1,[ ],https://files.idleduck.cn/public/灰色简约家具设计制造/index.html,<p><img src="https://files.idleduck.cn/public/灰色简约家具设计制造/display.png?imageMogr2/format/webp/thumbnail/!80p" alt="image"></p>,0,灰色简约家具设计制造,16/6/2022 12:29:13.656,62a9a5baa1cb2d6d14571d51,16/6/2022 12:29:13.657
62ab22192be97f6b3b8870b2,0,62738e57c453807fec5b4b21,16/6/2022 12:29:13.758,https://files.idleduck.cn/file/绿色自适应儿童乐园教育机构-1655198125428.zip,0,FALSE,TRUE,"[ ""HTML"", ""CSS"", ""JavaScript"" ]",https://files.idleduck.cn/public/绿色自适应儿童乐园教育机构/picture.png,62738db4c453807fec5b4b11,1,[ ],https://files.idleduck.cn/public/绿色自适应儿童乐园教育机构/index.html,<p><img src="https://files.idleduck.cn/public/绿色自适应儿童乐园教育机构/display.png?imageMogr2/format/webp/thumbnail/!80p" alt="image"></p>,0,绿色自适应儿童乐园教育机构,16/6/2022 12:29:13.757,62738f285736a80d677b225d,16/6/2022 12:29:13.758
62ab22192be97f6b3b8870b4,0,62738e57c453807fec5b4b21,16/6/2022 12:29:13.86,https://files.idleduck.cn/file/单屏切换信息展示响应式-1655194563342.zip,0,FALSE,TRUE,"[ ""HTML"", ""CSS"", ""JavaScript"" ]",https://files.idleduck.cn/public/单屏切换信息展示响应式/picture.png,62738db4c453807fec5b4b11,1,[ ],https://files.idleduck.cn/public/单屏切换信息展示响应式/index.html,<p><img src="https://files.idleduck.cn/public/单屏切换信息展示响应式/display.png?imageMogr2/format/webp/thumbnail/!80p" alt="image"></p>,0,单屏切换信息展示响应式,16/6/2022 12:29:13.86,62738f2b5736a80d677b2263,16/6/2022 12:29:13.86
62ab22192be97f6b3b8870b6,0,62738e57c453807fec5b4b21,16/6/2022 12:29:13.962,https://files.idleduck.cn/file/大气图片磁贴设计响应式整站-1655195134050.zip,0,FALSE,TRUE,"[ ""HTML"", ""CSS"", ""JavaScript"" ]",https://files.idleduck.cn/public/大气图片磁贴设计响应式整站/picture.png,62738db4c453807fec5b4b11,1,[ ],https://files.idleduck.cn/public/大气图片磁贴设计响应式整站/index.html,<p><img src="https://files.idleduck.cn/public/大气图片磁贴设计响应式整站/display.png?imageMogr2/format/webp/thumbnail/!80p" alt="image"></p>,0,大气图片磁贴设计响应式整站,16/6/2022 12:29:13.962,62a9a5baa1cb2d6d14571d51,16/6/2022 12:29:13.962
62ab221a2be97f6b3b8870b8,0,62738e57c453807fec5b4b21,16/6/2022 12:29:14.065,https://files.idleduck.cn/file/蓝色响应式手机软件app产品介绍-1655198444206.zip,0,FALSE,TRUE,"[ ""HTML"", ""CSS"", ""JavaScript"" ]",https://files.idleduck.cn/public/蓝色响应式手机软件app产品介绍/picture.png,62738db4c453807fec5b4b11,1,[ ],https://files.idleduck.cn/public/蓝色响应式手机软件app产品介绍/index.html,<p><img src="https://files.idleduck.cn/public/蓝色响应式手机软件app产品介绍/display.png?imageMogr2/format/webp/thumbnail/!80p" alt="image"></p>,0,蓝色响应式手机软件app产品介绍,16/6/2022 12:29:14.064,62738f2b5736a80d677b2263,16/6/2022 12:29:14.065
62ab221a2be97f6b3b8870ba,0,62738e57c453807fec5b4b21,16/6/2022 12:29:14.166,https://files.idleduck.cn/file/互联网业务开发系统和服务-1655194133234.zip,0,FALSE,TRUE,"[ ""HTML"", ""CSS"", ""JavaScript"" ]",https://files.idleduck.cn/public/互联网业务开发系统和服务/picture.png,62738db4c453807fec5b4b11,1,[ ],https://files.idleduck.cn/public/互联网业务开发系统和服务/index.html,<p><img src="https://files.idleduck.cn/public/互联网业务开发系统和服务/display.png?imageMogr2/format/webp/thumbnail/!80p" alt="image"></p>,0,互联网业务开发系统和服务,16/6/2022 12:29:14.166,62738f255736a80d677b2257,16/6/2022 12:29:14.166
62ab221a2be97f6b3b8870bc,0,62738e57c453807fec5b4b21,16/6/2022 12:29:14.268,https://files.idleduck.cn/file/黑色精美奢侈腕表品牌-1655199398435.zip,0,FALSE,TRUE,"[ ""HTML"", ""CSS"", ""JavaScript"" ]",https://files.idleduck.cn/public/黑色精美奢侈腕表品牌/picture.png,62738db4c453807fec5b4b11,1,[ ],https://files.idleduck.cn/public/黑色精美奢侈腕表品牌/index.html,<p><img src="https://files.idleduck.cn/public/黑色精美奢侈腕表品牌/display.png?imageMogr2/format/webp/thumbnail/!80p" alt="image"></p>,0,黑色精美奢侈腕表品牌,16/6/2022 12:29:14.268,62738f285736a80d677b225d,16/6/2022 12:29:14.268
62ab221a2be97f6b3b8870be,0,62738e57c453807fec5b4b21,16/6/2022 12:29:14.37,https://files.idleduck.cn/file/粉色简洁服装模特写真公司-1655197358387.zip,0,FALSE,TRUE,"[ ""HTML"", ""CSS"", ""JavaScript"" ]",https://files.idleduck.cn/public/粉色简洁服装模特写真公司/picture.png,62738db4c453807fec5b4b11,1,[ ],https://files.idleduck.cn/public/粉色简洁服装模特写真公司/index.html,<p><img src="https://files.idleduck.cn/public/粉色简洁服装模特写真公司/display.png?imageMogr2/format/webp/thumbnail/!80p" alt="image"></p>,0,粉色简洁服装模特写真公司,16/6/2022 12:29:14.37,62738f2b5736a80d677b2263,16/6/2022 12:29:14.37
62ab221a2be97f6b3b8870c0,0,62738e57c453807fec5b4b21,16/6/2022 12:29:14.472,https://files.idleduck.cn/file/kalaa个人博客-1655193756350.zip,0,FALSE,TRUE,"[ ""HTML"", ""CSS"", ""JavaScript"" ]",https://files.idleduck.cn/public/kalaa个人博客/picture.png,62738db4c453807fec5b4b11,1,[ ],https://files.idleduck.cn/public/kalaa个人博客/index.html,<p><img src="https://files.idleduck.cn/public/kalaa个人博客/display.png?imageMogr2/format/webp/thumbnail/!80p" alt="image"></p>,0,kalaa个人博客,16/6/2022 12:29:14.471,62738f255736a80d677b2257,16/6/2022 12:29:14.472
62ab221a2be97f6b3b8870c2,0,62738e57c453807fec5b4b21,16/6/2022 12:29:14.574,https://files.idleduck.cn/file/财经证券新闻门户-1655198958847.zip,0,FALSE,TRUE,"[ ""HTML"", ""CSS"", ""JavaScript"" ]",https://files.idleduck.cn/public/财经证券新闻门户/picture.png,62738db4c453807fec5b4b11,1,[ ],https://files.idleduck.cn/public/财经证券新闻门户/index.html,<p><img src="https://files.idleduck.cn/public/财经证券新闻门户/display.png?imageMogr2/format/webp/thumbnail/!80p" alt="image"></p>,0,财经证券新闻门户,16/6/2022 12:29:14.574,62738f245736a80d677b2255,16/6/2022 12:29:14.574
62ab221a2be97f6b3b8870c4,0,62738e57c453807fec5b4b21,16/6/2022 12:29:14.676,https://files.idleduck.cn/file/software软件开发公司-1655193931484.zip,0,FALSE,TRUE,"[ ""HTML"", ""CSS"", ""JavaScript"" ]",https://files.idleduck.cn/public/software软件开发公司/picture.png,62738db4c453807fec5b4b11,1,[ ],https://files.idleduck.cn/public/software软件开发公司/index.html,<p><img src="https://files.idleduck.cn/public/software软件开发公司/display.png?imageMogr2/format/webp/thumbnail/!80p" alt="image"></p>,0,software软件开发公司,16/6/2022 12:29:14.676,62738f2b5736a80d677b2263,16/6/2022 12:29:14.676
62ab221a2be97f6b3b8870c6,0,62738e57c453807fec5b4b21,16/6/2022 12:29:14.777,https://files.idleduck.cn/file/品牌设计公司-1655194632375.zip,0,FALSE,TRUE,"[ ""HTML"", ""CSS"", ""JavaScript"" ]",https://files.idleduck.cn/public/品牌设计公司/picture.png,62738db4c453807fec5b4b11,1,[ ],https://files.idleduck.cn/public/品牌设计公司/index.html,<p><img src="https://files.idleduck.cn/public/品牌设计公司/display.png?imageMogr2/format/webp/thumbnail/!80p" alt="image"></p>,0,品牌设计公司,16/6/2022 12:29:14.777,62a9a5baa1cb2d6d14571d51,16/6/2022 12:29:14.777
62ab221a2be97f6b3b8870c8,0,62738e57c453807fec5b4b21,16/6/2022 12:29:14.879,https://files.idleduck.cn/file/黄色大气投融资信息服务平台-1655199190121.zip,0,FALSE,TRUE,"[ ""HTML"", ""CSS"", ""JavaScript"" ]",https://files.idleduck.cn/public/黄色大气投融资信息服务平台/picture.png,62738db4c453807fec5b4b11,1,[ ],https://files.idleduck.cn/public/黄色大气投融资信息服务平台/index.html,<p><img src="https://files.idleduck.cn/public/黄色大气投融资信息服务平台/display.png?imageMogr2/format/webp/thumbnail/!80p" alt="image"></p>,0,黄色大气投融资信息服务平台,16/6/2022 12:29:14.879,62738f2b5736a80d677b2263,16/6/2022 12:29:14.879
62ab221a2be97f6b3b8870ca,0,62738e57c453807fec5b4b21,16/6/2022 12:29:14.981,https://files.idleduck.cn/file/简约俯瞰房地产销售公司引导式web-1655197064258.zip,0,FALSE,TRUE,"[ ""HTML"", ""CSS"", ""JavaScript"" ]",https://files.idleduck.cn/public/简约俯瞰房地产销售公司引导式web/picture.png,62738db4c453807fec5b4b11,1,[ ],https://files.idleduck.cn/public/简约俯瞰房地产销售公司引导式web/index.html,<p><img src="https://files.idleduck.cn/public/简约俯瞰房地产销售公司引导式web/display.png?imageMogr2/format/webp/thumbnail/!80p" alt="image"></p>,0,简约俯瞰房地产销售公司引导式web,16/6/2022 12:29:14.98,62a9a1d0a1cb2d6d14571c7c,16/6/2022 12:29:14.981
62ab221b2be97f6b3b8870cc,0,62738e57c453807fec5b4b21,16/6/2022 12:29:15.082,https://files.idleduck.cn/file/宽屏漂亮影楼摄影-1655195517081.zip,0,FALSE,TRUE,"[ ""HTML"", ""CSS"", ""JavaScript"" ]",https://files.idleduck.cn/public/宽屏漂亮影楼摄影/picture.png,62738db4c453807fec5b4b11,1,[ ],https://files.idleduck.cn/public/宽屏漂亮影楼摄影/index.html,<p><img src="https://files.idleduck.cn/public/宽屏漂亮影楼摄影/display.png?imageMogr2/format/webp/thumbnail/!80p" alt="image"></p>,0,宽屏漂亮影楼摄影,16/6/2022 12:29:15.082,62738f2b5736a80d677b2263,16/6/2022 12:29:15.082
62ab221b2be97f6b3b8870ce,0,62738e57c453807fec5b4b21,16/6/2022 12:29:15.184,https://files.idleduck.cn/file/黑色大气响应式创意公司-1655199312742.zip,0,FALSE,TRUE,"[ ""HTML"", ""CSS"", ""JavaScript"" ]",https://files.idleduck.cn/public/黑色大气响应式创意公司/picture.png,62738db4c453807fec5b4b11,1,[ ],https://files.idleduck.cn/public/黑色大气响应式创意公司/index.html,<p><img src="https://files.idleduck.cn/public/黑色大气响应式创意公司/display.png?imageMogr2/format/webp/thumbnail/!80p" alt="image"></p>,0,黑色大气响应式创意公司,16/6/2022 12:29:15.183,62a9a5baa1cb2d6d14571d51,16/6/2022 12:29:15.184
62ab221b2be97f6b3b8870d0,0,62738e57c453807fec5b4b21,16/6/2022 12:29:15.285,https://files.idleduck.cn/file/yoga简约山野瑜伽运动类导向式-1655194030610.zip,0,FALSE,TRUE,"[ ""HTML"", ""CSS"", ""JavaScript"" ]",https://files.idleduck.cn/public/yoga简约山野瑜伽运动类导向式/picture.png,62738db4c453807fec5b4b11,1,[ ],https://files.idleduck.cn/public/yoga简约山野瑜伽运动类导向式/index.html,<p><img src="https://files.idleduck.cn/public/yoga简约山野瑜伽运动类导向式/display.png?imageMogr2/format/webp/thumbnail/!80p" alt="image"></p>,0,yoga简约山野瑜伽运动类导向式,16/6/2022 12:29:15.285,62a9a230a1cb2d6d14571c8b,16/6/2022 12:29:15.285
62ab221b2be97f6b3b8870d2,0,62738e57c453807fec5b4b21,16/6/2022 12:29:15.387,https://files.idleduck.cn/file/蓝色响应式多功能网上电子商城-1655198435082.zip,0,FALSE,TRUE,"[ ""HTML"", ""CSS"", ""JavaScript"" ]",https://files.idleduck.cn/public/蓝色响应式多功能网上电子商城/picture.png,62738db4c453807fec5b4b11,1,[ ],https://files.idleduck.cn/public/蓝色响应式多功能网上电子商城/index.html,<p><img src="https://files.idleduck.cn/public/蓝色响应式多功能网上电子商城/display.png?imageMogr2/format/webp/thumbnail/!80p" alt="image"></p>,0,蓝色响应式多功能网上电子商城,16/6/2022 12:29:15.387,62738f2a5736a80d677b225f,16/6/2022 12:29:15.387
62ab221b2be97f6b3b8870d4,0,62738e57c453807fec5b4b21,16/6/2022 12:29:15.489,https://files.idleduck.cn/file/house别墅度假民宿酒店-1655193690117.zip,0,FALSE,TRUE,"[ ""HTML"", ""CSS"", ""JavaScript"" ]",https://files.idleduck.cn/public/house别墅度假民宿酒店/picture.png,62738db4c453807fec5b4b11,1,[ ],https://files.idleduck.cn/public/house别墅度假民宿酒店/index.html,<p><img src="https://files.idleduck.cn/public/house别墅度假民宿酒店/display.png?imageMogr2/format/webp/thumbnail/!80p" alt="image"></p>,0,house别墅度假民宿酒店,16/6/2022 12:29:15.488,62738f2b5736a80d677b2263,16/6/2022 12:29:15.489
62ab221b2be97f6b3b8870d6,0,62738e57c453807fec5b4b21,16/6/2022 12:29:15.591,https://files.idleduck.cn/file/简约精品汽车用品网上商城-1655197256556.zip,0,FALSE,TRUE,"[ ""HTML"", ""CSS"", ""JavaScript"" ]",https://files.idleduck.cn/public/简约精品汽车用品网上商城/picture.png,62738db4c453807fec5b4b11,1,[ ],https://files.idleduck.cn/public/简约精品汽车用品网上商城/index.html,<p><img src="https://files.idleduck.cn/public/简约精品汽车用品网上商城/display.png?imageMogr2/format/webp/thumbnail/!80p" alt="image"></p>,0,简约精品汽车用品网上商城,16/6/2022 12:29:15.591,62738f2a5736a80d677b225f,16/6/2022 12:29:15.591
62ab221b2be97f6b3b8870d8,0,62738e57c453807fec5b4b21,16/6/2022 12:29:15.693,https://files.idleduck.cn/file/紫色漂亮赛车运动整站-1655197611672.zip,0,FALSE,TRUE,"[ ""HTML"", ""CSS"", ""JavaScript"" ]",https://files.idleduck.cn/public/紫色漂亮赛车运动整站/picture.png,62738db4c453807fec5b4b11,1,[ ],https://files.idleduck.cn/public/紫色漂亮赛车运动整站/index.html,<p><img src="https://files.idleduck.cn/public/紫色漂亮赛车运动整站/display.png?imageMogr2/format/webp/thumbnail/!80p" alt="image"></p>,0,紫色漂亮赛车运动整站,16/6/2022 12:29:15.693,62738f9b5736a80d677b2269,16/6/2022 12:29:15.694
62ab221b2be97f6b3b8870da,0,62738e57c453807fec5b4b21,16/6/2022 12:29:15.795,https://files.idleduck.cn/file/通用大型-1655199005372.zip,0,FALSE,TRUE,"[ ""HTML"", ""CSS"", ""JavaScript"" ]",https://files.idleduck.cn/public/通用大型/picture.png,62738db4c453807fec5b4b11,1,[ ],https://files.idleduck.cn/public/通用大型/index.html,<p><img src="https://files.idleduck.cn/public/通用大型/display.png?imageMogr2/format/webp/thumbnail/!80p" alt="image"></p>,0,通用大型,16/6/2022 12:29:15.794,62738f2b5736a80d677b2263,16/6/2022 12:29:15.795
62ab221b2be97f6b3b8870dc,0,62738e57c453807fec5b4b21,16/6/2022 12:29:15.896,https://files.idleduck.cn/file/品茶休闲茶具文化-1655194633807.zip,0,FALSE,TRUE,"[ ""HTML"", ""CSS"", ""JavaScript"" ]",https://files.idleduck.cn/public/品茶休闲茶具文化/picture.png,62738db4c453807fec5b4b11,1,[ ],https://files.idleduck.cn/public/品茶休闲茶具文化/index.html,<p><img src="https://files.idleduck.cn/public/品茶休闲茶具文化/display.png?imageMogr2/format/webp/thumbnail/!80p" alt="image"></p>,0,品茶休闲茶具文化,16/6/2022 12:29:15.896,62738f2b5736a80d677b2263,16/6/2022 12:29:15.896
62ab221b2be97f6b3b8870de,0,62738e57c453807fec5b4b21,16/6/2022 12:29:15.998,https://files.idleduck.cn/file/蓝色新媒体公司-1655198634581.zip,0,FALSE,TRUE,"[ ""HTML"", ""CSS"", ""JavaScript"" ]",https://files.idleduck.cn/public/蓝色新媒体公司/picture.png,62738db4c453807fec5b4b11,1,[ ],https://files.idleduck.cn/public/蓝色新媒体公司/index.html,<p><img src="https://files.idleduck.cn/public/蓝色新媒体公司/display.png?imageMogr2/format/webp/thumbnail/!80p" alt="image"></p>,0,蓝色新媒体公司,16/6/2022 12:29:15.998,62738f2b5736a80d677b2263,16/6/2022 12:29:15.998
62ab221c2be97f6b3b8870e0,0,62738e57c453807fec5b4b21,16/6/2022 12:29:16.101,https://files.idleduck.cn/file/SBAdminv2.0后台管理系统-1655193910647.zip,0,FALSE,TRUE,"[ ""HTML"", ""CSS"", ""JavaScript"" ]",https://files.idleduck.cn/public/SBAdminv2.0后台管理系统/picture.png,62738db4c453807fec5b4b11,1,[ ],https://files.idleduck.cn/public/SBAdminv2.0后台管理系统/index.html,<p><img src="https://files.idleduck.cn/public/SBAdminv2.0后台管理系统/display.png?imageMogr2/format/webp/thumbnail/!80p" alt="image"></p>,0,SBAdminv2.0后台管理系统,16/6/2022 12:29:16.101,62738f215736a80d677b224f,16/6/2022 12:29:16.101
62ab221c2be97f6b3b8870e2,0,62738e57c453807fec5b4b21,16/6/2022 12:29:16.204,https://files.idleduck.cn/file/宽屏大气建站服务公司案例展示CSS-1655195439479.zip,0,FALSE,TRUE,"[ ""HTML"", ""CSS"", ""JavaScript"" ]",https://files.idleduck.cn/public/宽屏大气建站服务公司案例展示CSS/picture.png,62738db4c453807fec5b4b11,1,[ ],https://files.idleduck.cn/public/宽屏大气建站服务公司案例展示CSS/index.html,<p><img src="https://files.idleduck.cn/public/宽屏大气建站服务公司案例展示CSS/display.png?imageMogr2/format/webp/thumbnail/!80p" alt="image"></p>,0,宽屏大气建站服务公司案例展示CSS,16/6/2022 12:29:16.204,62738f2b5736a80d677b2263,16/6/2022 12:29:16.204
62ab221c2be97f6b3b8870e4,0,62738e57c453807fec5b4b21,16/6/2022 12:29:16.306,https://files.idleduck.cn/file/大气宽屏设计-1655195160999.zip,0,FALSE,TRUE,"[ ""HTML"", ""CSS"", ""JavaScript"" ]",https://files.idleduck.cn/public/大气宽屏设计/picture.png,62738db4c453807fec5b4b11,1,[ ],https://files.idleduck.cn/public/大气宽屏设计/index.html,<p><img src="https://files.idleduck.cn/public/大气宽屏设计/display.png?imageMogr2/format/webp/thumbnail/!80p" alt="image"></p>,0,大气宽屏设计,16/6/2022 12:29:16.306,62a9a5baa1cb2d6d14571d51,16/6/2022 12:29:16.306
62ab221c2be97f6b3b8870e6,0,62738e57c453807fec5b4b21,16/6/2022 12:29:16.409,https://files.idleduck.cn/file/红色主题创意设计网络科技公司-1655197642655.zip,0,FALSE,TRUE,"[ ""HTML"", ""CSS"", ""JavaScript"" ]",https://files.idleduck.cn/public/红色主题创意设计网络科技公司/picture.png,62738db4c453807fec5b4b11,1,[ ],https://files.idleduck.cn/public/红色主题创意设计网络科技公司/index.html,<p><img src="https://files.idleduck.cn/public/红色主题创意设计网络科技公司/display.png?imageMogr2/format/webp/thumbnail/!80p" alt="image"></p>,0,红色主题创意设计网络科技公司,16/6/2022 12:29:16.408,62a9a249a1cb2d6d14571c94,16/6/2022 12:29:16.409
62ab221c2be97f6b3b8870e8,0,62738e57c453807fec5b4b21,16/6/2022 12:29:16.511,https://files.idleduck.cn/file/黄色简约宽屏塑料制品公司-1655199203911.zip,0,FALSE,TRUE,"[ ""HTML"", ""CSS"", ""JavaScript"" ]",https://files.idleduck.cn/public/黄色简约宽屏塑料制品公司/picture.png,62738db4c453807fec5b4b11,1,[ ],https://files.idleduck.cn/public/黄色简约宽屏塑料制品公司/index.html,<p><img src="https://files.idleduck.cn/public/黄色简约宽屏塑料制品公司/display.png?imageMogr2/format/webp/thumbnail/!80p" alt="image"></p>,0,黄色简约宽屏塑料制品公司,16/6/2022 12:29:16.51,62738f2b5736a80d677b2263,16/6/2022 12:29:16.511
62ab221c2be97f6b3b8870ea,0,62738e57c453807fec5b4b21,16/6/2022 12:29:16.612,https://files.idleduck.cn/file/宽屏简约纺织服饰公司-1655195560113.zip,0,FALSE,TRUE,"[ ""HTML"", ""CSS"", ""JavaScript"" ]",https://files.idleduck.cn/public/宽屏简约纺织服饰公司/picture.png,62738db4c453807fec5b4b11,1,[ ],https://files.idleduck.cn/public/宽屏简约纺织服饰公司/index.html,<p><img src="https://files.idleduck.cn/public/宽屏简约纺织服饰公司/display.png?imageMogr2/format/webp/thumbnail/!80p" alt="image"></p>,0,宽屏简约纺织服饰公司,16/6/2022 12:29:16.612,62738f2b5736a80d677b2263,16/6/2022 12:29:16.612
62ab221c2be97f6b3b8870ec,0,62738e57c453807fec5b4b21,16/6/2022 12:29:16.714,https://files.idleduck.cn/file/家居品牌公司响应式-1655195339613.zip,0,FALSE,TRUE,"[ ""HTML"", ""CSS"", ""JavaScript"" ]",https://files.idleduck.cn/public/家居品牌公司响应式/picture.png,62738db4c453807fec5b4b11,1,[ ],https://files.idleduck.cn/public/家居品牌公司响应式/index.html,<p><img src="https://files.idleduck.cn/public/家居品牌公司响应式/display.png?imageMogr2/format/webp/thumbnail/!80p" alt="image"></p>,0,家居品牌公司响应式,16/6/2022 12:29:16.714,62738f2b5736a80d677b2263,16/6/2022 12:29:16.714
62ab221c2be97f6b3b8870ee,0,62738e57c453807fec5b4b21,16/6/2022 12:29:16.816,https://files.idleduck.cn/file/个性响应式创意摄影工作室-1655194066070.zip,0,FALSE,TRUE,"[ ""HTML"", ""CSS"", ""JavaScript"" ]",https://files.idleduck.cn/public/个性响应式创意摄影工作室/picture.png,62738db4c453807fec5b4b11,1,[ ],https://files.idleduck.cn/public/个性响应式创意摄影工作室/index.html,<p><img src="https://files.idleduck.cn/public/个性响应式创意摄影工作室/display.png?imageMogr2/format/webp/thumbnail/!80p" alt="image"></p>,0,个性响应式创意摄影工作室,16/6/2022 12:29:16.816,62a9a5baa1cb2d6d14571d51,16/6/2022 12:29:16.816
62ab221c2be97f6b3b8870f0,0,62738e57c453807fec5b4b21,16/6/2022 12:29:16.919,https://files.idleduck.cn/file/简洁后台管理系统响应式-1655196742886.zip,0,FALSE,TRUE,"[ ""HTML"", ""CSS"", ""JavaScript"" ]",https://files.idleduck.cn/public/简洁后台管理系统响应式/picture.png,62738db4c453807fec5b4b11,1,[ ],https://files.idleduck.cn/public/简洁后台管理系统响应式/index.html,<p><img src="https://files.idleduck.cn/public/简洁后台管理系统响应式/display.png?imageMogr2/format/webp/thumbnail/!80p" alt="image"></p>,0,简洁后台管理系统响应式,16/6/2022 12:29:16.918,62738f215736a80d677b224f,16/6/2022 12:29:16.919
62ab221d2be97f6b3b8870f2,0,62738e57c453807fec5b4b21,16/6/2022 12:29:17.02,https://files.idleduck.cn/file/简洁房地产建筑工程队-1655196845887.zip,0,FALSE,TRUE,"[ ""HTML"", ""CSS"", ""JavaScript"" ]",https://files.idleduck.cn/public/简洁房地产建筑工程队/picture.png,62738db4c453807fec5b4b11,1,[ ],https://files.idleduck.cn/public/简洁房地产建筑工程队/index.html,<p><img src="https://files.idleduck.cn/public/简洁房地产建筑工程队/display.png?imageMogr2/format/webp/thumbnail/!80p" alt="image"></p>,0,简洁房地产建筑工程队,16/6/2022 12:29:17.019,62a9a1d0a1cb2d6d14571c7c,16/6/2022 12:29:17.02
62ab221d2be97f6b3b8870f4,0,62738e57c453807fec5b4b21,16/6/2022 12:29:17.121,https://files.idleduck.cn/file/全屏产品设计广告公司单页面-1655194293599.zip,0,FALSE,TRUE,"[ ""HTML"", ""CSS"", ""JavaScript"" ]",https://files.idleduck.cn/public/全屏产品设计广告公司单页面/picture.png,62738db4c453807fec5b4b11,1,[ ],https://files.idleduck.cn/public/全屏产品设计广告公司单页面/index.html,<p><img src="https://files.idleduck.cn/public/全屏产品设计广告公司单页面/display.png?imageMogr2/format/webp/thumbnail/!80p" alt="image"></p>,0,全屏产品设计广告公司单页面,16/6/2022 12:29:17.121,62a9a5baa1cb2d6d14571d51,16/6/2022 12:29:17.121
62ab221d2be97f6b3b8870f6,0,62738e57c453807fec5b4b21,16/6/2022 12:29:17.223,https://files.idleduck.cn/file/绿色响应式网络安全防护公司-1655197921096.zip,0,FALSE,TRUE,"[ ""HTML"", ""CSS"", ""JavaScript"" ]",https://files.idleduck.cn/public/绿色响应式网络安全防护公司/picture.png,62738db4c453807fec5b4b11,1,[ ],https://files.idleduck.cn/public/绿色响应式网络安全防护公司/index.html,<p><img src="https://files.idleduck.cn/public/绿色响应式网络安全防护公司/display.png?imageMogr2/format/webp/thumbnail/!80p" alt="image"></p>,0,绿色响应式网络安全防护公司,16/6/2022 12:29:17.223,62738f2b5736a80d677b2263,16/6/2022 12:29:17.223
62ab221d2be97f6b3b8870f8,0,62738e57c453807fec5b4b21,16/6/2022 12:29:17.325,https://files.idleduck.cn/file/少儿edu培训机构css3动画-1655195645533.zip,0,FALSE,TRUE,"[ ""HTML"", ""CSS"", ""JavaScript"" ]",https://files.idleduck.cn/public/少儿edu培训机构css3动画/picture.png,62738db4c453807fec5b4b11,1,[ ],https://files.idleduck.cn/public/少儿edu培训机构css3动画/index.html,<p><img src="https://files.idleduck.cn/public/少儿edu培训机构css3动画/display.png?imageMogr2/format/webp/thumbnail/!80p" alt="image"></p>,0,少儿edu培训机构css3动画,16/6/2022 12:29:17.324,62738f235736a80d677b2253,16/6/2022 12:29:17.325
62ab221d2be97f6b3b8870fa,0,62738e57c453807fec5b4b21,16/6/2022 12:29:17.426,https://files.idleduck.cn/file/safario卡通创意旅行设计自举类别-1655193905966.zip,0,FALSE,TRUE,"[ ""HTML"", ""CSS"", ""JavaScript"" ]",https://files.idleduck.cn/public/safario卡通创意旅行设计自举类别/picture.png,62738db4c453807fec5b4b11,1,[ ],https://files.idleduck.cn/public/safario卡通创意旅行设计自举类别/index.html,<p><img src="https://files.idleduck.cn/public/safario卡通创意旅行设计自举类别/display.png?imageMogr2/format/webp/thumbnail/!80p" alt="image"></p>,0,safario卡通创意旅行设计自举类别,16/6/2022 12:29:17.426,62a9a249a1cb2d6d14571c94,16/6/2022 12:29:17.426
62ab221d2be97f6b3b8870fc,0,62738e57c453807fec5b4b21,16/6/2022 12:29:17.527,https://files.idleduck.cn/file/Bootstrap电商-1655193488096.zip,0,FALSE,TRUE,"[ ""HTML"", ""CSS"", ""JavaScript"" ]",https://files.idleduck.cn/public/Bootstrap电商/picture.png,62738db4c453807fec5b4b11,1,[ ],https://files.idleduck.cn/public/Bootstrap电商/index.html,<p><img src="https://files.idleduck.cn/public/Bootstrap电商/display.png?imageMogr2/format/webp/thumbnail/!80p" alt="image"></p>,0,Bootstrap电商,16/6/2022 12:29:17.527,62738f2a5736a80d677b225f,16/6/2022 12:29:17.527
62ab221d2be97f6b3b8870fe,0,62738e57c453807fec5b4b21,16/6/2022 12:29:17.628,https://files.idleduck.cn/file/可切换样式变色室内装饰设计公司-1655194602544.zip,0,FALSE,TRUE,"[ ""HTML"", ""CSS"", ""JavaScript"" ]",https://files.idleduck.cn/public/可切换样式变色室内装饰设计公司/picture.png,62738db4c453807fec5b4b11,1,[ ],https://files.idleduck.cn/public/可切换样式变色室内装饰设计公司/index.html,<p><img src="https://files.idleduck.cn/public/可切换样式变色室内装饰设计公司/display.png?imageMogr2/format/webp/thumbnail/!80p" alt="image"></p>,0,可切换样式变色室内装饰设计公司,16/6/2022 12:29:17.628,62738f2b5736a80d677b2263,16/6/2022 12:29:17.628
62ab221d2be97f6b3b887100,0,62738e57c453807fec5b4b21,16/6/2022 12:29:17.73,https://files.idleduck.cn/file/云计算IDC服务商-1655194130951.zip,0,FALSE,TRUE,"[ ""HTML"", ""CSS"", ""JavaScript"" ]",https://files.idleduck.cn/public/云计算IDC服务商/picture.png,62738db4c453807fec5b4b11,1,[ ],https://files.idleduck.cn/public/云计算IDC服务商/index.html,<p><img src="https://files.idleduck.cn/public/云计算IDC服务商/display.png?imageMogr2/format/webp/thumbnail/!80p" alt="image"></p>,0,云计算IDC服务商,16/6/2022 12:29:17.73,62738f2b5736a80d677b2263,16/6/2022 12:29:17.73
62ab221d2be97f6b3b887102,0,62738e57c453807fec5b4b21,16/6/2022 12:29:17.832,https://files.idleduck.cn/file/绿色宽屏进口食品贸易公司-1655197987165.zip,0,FALSE,TRUE,"[ ""HTML"", ""CSS"", ""JavaScript"" ]",https://files.idleduck.cn/public/绿色宽屏进口食品贸易公司/picture.png,62738db4c453807fec5b4b11,1,[ ],https://files.idleduck.cn/public/绿色宽屏进口食品贸易公司/index.html,<p><img src="https://files.idleduck.cn/public/绿色宽屏进口食品贸易公司/display.png?imageMogr2/format/webp/thumbnail/!80p" alt="image"></p>,0,绿色宽屏进口食品贸易公司,16/6/2022 12:29:17.832,62738f2b5736a80d677b2263,16/6/2022 12:29:17.832
62ab221d2be97f6b3b887104,0,62738e57c453807fec5b4b21,16/6/2022 12:29:17.934,https://files.idleduck.cn/file/清新响应式家具电商类公司-1655196271215.zip,0,FALSE,TRUE,"[ ""HTML"", ""CSS"", ""JavaScript"" ]",https://files.idleduck.cn/public/清新响应式家具电商类公司/picture.png,62738db4c453807fec5b4b11,1,[ ],https://files.idleduck.cn/public/清新响应式家具电商类公司/index.html,<p><img src="https://files.idleduck.cn/public/清新响应式家具电商类公司/display.png?imageMogr2/format/webp/thumbnail/!80p" alt="image"></p>,0,清新响应式家具电商类公司,16/6/2022 12:29:17.934,62738f2b5736a80d677b2263,16/6/2022 12:29:17.934
62ab221e2be97f6b3b887109,0,62738e57c453807fec5b4b21,16/6/2022 12:29:18.036,https://files.idleduck.cn/file/蓝色响应式企业宣传推广公司单页-1655198416086.zip,0,FALSE,TRUE,"[ ""HTML"", ""CSS"", ""JavaScript"" ]",https://files.idleduck.cn/public/蓝色响应式企业宣传推广公司单页/picture.png,62738db4c453807fec5b4b11,1,[ ],https://files.idleduck.cn/public/蓝色响应式企业宣传推广公司单页/index.html,<p><img src="https://files.idleduck.cn/public/蓝色响应式企业宣传推广公司单页/display.png?imageMogr2/format/webp/thumbnail/!80p" alt="image"></p>,0,蓝色响应式企业宣传推广公司单页,16/6/2022 12:29:18.035,62738f2b5736a80d677b2263,16/6/2022 12:29:18.036
62ab221e2be97f6b3b88710b,0,62738e57c453807fec5b4b21,16/6/2022 12:29:18.137,https://files.idleduck.cn/file/房屋建筑设计公司-1655195747421.zip,0,FALSE,TRUE,"[ ""HTML"", ""CSS"", ""JavaScript"" ]",https://files.idleduck.cn/public/房屋建筑设计公司/picture.png,62738db4c453807fec5b4b11,1,[ ],https://files.idleduck.cn/public/房屋建筑设计公司/index.html,<p><img src="https://files.idleduck.cn/public/房屋建筑设计公司/display.png?imageMogr2/format/webp/thumbnail/!80p" alt="image"></p>,0,房屋建筑设计公司,16/6/2022 12:29:18.137,62a9a1d0a1cb2d6d14571c7c,16/6/2022 12:29:18.137
62ab221e2be97f6b3b88710d,0,62738e57c453807fec5b4b21,16/6/2022 12:29:18.238,https://files.idleduck.cn/file/黑色扁平化软件开发-1655199351386.zip,0,FALSE,TRUE,"[ ""HTML"", ""CSS"", ""JavaScript"" ]",https://files.idleduck.cn/public/黑色扁平化软件开发/picture.png,62738db4c453807fec5b4b11,1,[ ],https://files.idleduck.cn/public/黑色扁平化软件开发/index.html,<p><img src="https://files.idleduck.cn/public/黑色扁平化软件开发/display.png?imageMogr2/format/webp/thumbnail/!80p" alt="image"></p>,0,黑色扁平化软件开发,16/6/2022 12:29:18.238,62738f2b5736a80d677b2263,16/6/2022 12:29:18.238
62ab221e2be97f6b3b88710f,0,62738e57c453807fec5b4b21,16/6/2022 12:29:18.34,https://files.idleduck.cn/file/蓝色企业网站后台管理HTML-1655198357156.zip,0,FALSE,TRUE,"[ ""HTML"", ""CSS"", ""JavaScript"" ]",https://files.idleduck.cn/public/蓝色企业网站后台管理HTML/picture.png,62738db4c453807fec5b4b11,1,[ ],https://files.idleduck.cn/public/蓝色企业网站后台管理HTML/index.html,<p><img src="https://files.idleduck.cn/public/蓝色企业网站后台管理HTML/display.png?imageMogr2/format/webp/thumbnail/!80p" alt="image"></p>,0,蓝色企业网站后台管理HTML,16/6/2022 12:29:18.339,62738f215736a80d677b224f,16/6/2022 12:29:18.34
62ab221e2be97f6b3b887114,0,62738e57c453807fec5b4b21,16/6/2022 12:29:18.441,https://files.idleduck.cn/file/精制设计公司网站模板免费-1655197365938.zip,0,FALSE,TRUE,"[ ""HTML"", ""CSS"", ""JavaScript"" ]",https://files.idleduck.cn/public/精制设计公司网站模板免费/picture.png,62738db4c453807fec5b4b11,1,[ ],https://files.idleduck.cn/public/精制设计公司网站模板免费/index.html,<p><img src="https://files.idleduck.cn/public/精制设计公司网站模板免费/display.png?imageMogr2/format/webp/thumbnail/!80p" alt="image"></p>,0,精制设计公司网站模板免费,16/6/2022 12:29:18.441,62738f285736a80d677b225d,16/6/2022 12:29:18.441
62ab221e2be97f6b3b887116,0,62738e57c453807fec5b4b21,16/6/2022 12:29:18.543,https://files.idleduck.cn/file/villa顶级豪华别墅度假村集团web-1655193984289.zip,0,FALSE,TRUE,"[ ""HTML"", ""CSS"", ""JavaScript"" ]",https://files.idleduck.cn/public/villa顶级豪华别墅度假村集团web/picture.png,62738db4c453807fec5b4b11,1,[ ],https://files.idleduck.cn/public/villa顶级豪华别墅度假村集团web/index.html,<p><img src="https://files.idleduck.cn/public/villa顶级豪华别墅度假村集团web/display.png?imageMogr2/format/webp/thumbnail/!80p" alt="image"></p>,0,villa顶级豪华别墅度假村集团web,16/6/2022 12:29:18.543,62a9a1e7a1cb2d6d14571c82,16/6/2022 12:29:18.543
62ab221e2be97f6b3b887118,0,62738e57c453807fec5b4b21,16/6/2022 12:29:18.646,https://files.idleduck.cn/file/宽屏大气房地产工地建筑公司-1655195442146.zip,0,FALSE,TRUE,"[ ""HTML"", ""CSS"", ""JavaScript"" ]",https://files.idleduck.cn/public/宽屏大气房地产工地建筑公司/picture.png,62738db4c453807fec5b4b11,1,[ ],https://files.idleduck.cn/public/宽屏大气房地产工地建筑公司/index.html,<p><img src="https://files.idleduck.cn/public/宽屏大气房地产工地建筑公司/display.png?imageMogr2/format/webp/thumbnail/!80p" alt="image"></p>,0,宽屏大气房地产工地建筑公司,16/6/2022 12:29:18.646,62738f2b5736a80d677b2263,16/6/2022 12:29:18.646
62ab221e2be97f6b3b88711a,0,62738e57c453807fec5b4b21,16/6/2022 12:29:18.748,https://files.idleduck.cn/file/蓝色宽屏企业办公创意文化-1655198543418.zip,0,FALSE,TRUE,"[ ""HTML"", ""CSS"", ""JavaScript"" ]",https://files.idleduck.cn/public/蓝色宽屏企业办公创意文化/picture.png,62738db4c453807fec5b4b11,1,[ ],https://files.idleduck.cn/public/蓝色宽屏企业办公创意文化/index.html,<p><img src="https://files.idleduck.cn/public/蓝色宽屏企业办公创意文化/display.png?imageMogr2/format/webp/thumbnail/!80p" alt="image"></p>,0,蓝色宽屏企业办公创意文化,16/6/2022 12:29:18.748,62738f2b5736a80d677b2263,16/6/2022 12:29:18.748
62ab221e2be97f6b3b88711c,0,62738e57c453807fec5b4b21,16/6/2022 12:29:18.85,https://files.idleduck.cn/file/黄紫相间活动演出响应式-1655199167680.zip,0,FALSE,TRUE,"[ ""HTML"", ""CSS"", ""JavaScript"" ]",https://files.idleduck.cn/public/黄紫相间活动演出响应式/picture.png,62738db4c453807fec5b4b11,1,[ ],https://files.idleduck.cn/public/黄紫相间活动演出响应式/index.html,<p><img src="https://files.idleduck.cn/public/黄紫相间活动演出响应式/display.png?imageMogr2/format/webp/thumbnail/!80p" alt="image"></p>,0,黄紫相间活动演出响应式,16/6/2022 12:29:18.85,62738f2b5736a80d677b2263,16/6/2022 12:29:18.85
62ab221e2be97f6b3b88711e,0,62738e57c453807fec5b4b21,16/6/2022 12:29:18.952,https://files.idleduck.cn/file/美容美甲响应式bootstrap-1655198204798.zip,0,FALSE,TRUE,"[ ""HTML"", ""CSS"", ""JavaScript"" ]",https://files.idleduck.cn/public/美容美甲响应式bootstrap/picture.png,62738db4c453807fec5b4b11,1,[ ],https://files.idleduck.cn/public/美容美甲响应式bootstrap/index.html,<p><img src="https://files.idleduck.cn/public/美容美甲响应式bootstrap/display.png?imageMogr2/format/webp/thumbnail/!80p" alt="image"></p>,0,美容美甲响应式bootstrap,16/6/2022 12:29:18.952,62a9a194a1cb2d6d14571c6a,16/6/2022 12:29:18.952
62ab221f2be97f6b3b887120,0,62738e57c453807fec5b4b21,16/6/2022 12:29:19.054,https://files.idleduck.cn/file/RealAdmin后台-1655193884626.zip,0,FALSE,TRUE,"[ ""HTML"", ""CSS"", ""JavaScript"" ]",https://files.idleduck.cn/public/RealAdmin后台/picture.png,62738db4c453807fec5b4b11,1,[ ],https://files.idleduck.cn/public/RealAdmin后台/index.html,<p><img src="https://files.idleduck.cn/public/RealAdmin后台/display.png?imageMogr2/format/webp/thumbnail/!80p" alt="image"></p>,0,RealAdmin后台,16/6/2022 12:29:19.053,62738f215736a80d677b224f,16/6/2022 12:29:19.054
62ab221f2be97f6b3b887122,0,62738e57c453807fec5b4b21,16/6/2022 12:29:19.155,https://files.idleduck.cn/file/多用途响应式着陆页品牌咖啡单页-1655195023096.zip,0,FALSE,TRUE,"[ ""HTML"", ""CSS"", ""JavaScript"" ]",https://files.idleduck.cn/public/多用途响应式着陆页品牌咖啡单页/picture.png,62738db4c453807fec5b4b11,1,[ ],https://files.idleduck.cn/public/多用途响应式着陆页品牌咖啡单页/index.html,<p><img src="https://files.idleduck.cn/public/多用途响应式着陆页品牌咖啡单页/display.png?imageMogr2/format/webp/thumbnail/!80p" alt="image"></p>,0,多用途响应式着陆页品牌咖啡单页,16/6/2022 12:29:19.155,62738f9d5736a80d677b226b,16/6/2022 12:29:19.155
62ab221f2be97f6b3b887124,0,62738e57c453807fec5b4b21,16/6/2022 12:29:19.256,https://files.idleduck.cn/file/红色自适应简约家居装饰公司-1655197776348.zip,0,FALSE,TRUE,"[ ""HTML"", ""CSS"", ""JavaScript"" ]",https://files.idleduck.cn/public/红色自适应简约家居装饰公司/picture.png,62738db4c453807fec5b4b11,1,[ ],https://files.idleduck.cn/public/红色自适应简约家居装饰公司/index.html,<p><img src="https://files.idleduck.cn/public/红色自适应简约家居装饰公司/display.png?imageMogr2/format/webp/thumbnail/!80p" alt="image"></p>,0,红色自适应简约家居装饰公司,16/6/2022 12:29:19.256,62738f2b5736a80d677b2263,16/6/2022 12:29:19.256
62ab221f2be97f6b3b887126,0,62738e57c453807fec5b4b21,16/6/2022 12:29:19.357,https://files.idleduck.cn/file/红色江景主题城市数据分析单页-1655197737022.zip,0,FALSE,TRUE,"[ ""HTML"", ""CSS"", ""JavaScript"" ]",https://files.idleduck.cn/public/红色江景主题城市数据分析单页/picture.png,62738db4c453807fec5b4b11,1,[ ],https://files.idleduck.cn/public/红色江景主题城市数据分析单页/index.html,<p><img src="https://files.idleduck.cn/public/红色江景主题城市数据分析单页/display.png?imageMogr2/format/webp/thumbnail/!80p" alt="image"></p>,0,红色江景主题城市数据分析单页,16/6/2022 12:29:19.357,62738f2b5736a80d677b2263,16/6/2022 12:29:19.357
62ab221f2be97f6b3b887128,0,62738e57c453807fec5b4b21,16/6/2022 12:29:19.46,https://files.idleduck.cn/file/蓝色网络外包公司官网-1655198828567.zip,0,FALSE,TRUE,"[ ""HTML"", ""CSS"", ""JavaScript"" ]",https://files.idleduck.cn/public/蓝色网络外包公司官网/picture.png,62738db4c453807fec5b4b11,1,[ ],https://files.idleduck.cn/public/蓝色网络外包公司官网/index.html,<p><img src="https://files.idleduck.cn/public/蓝色网络外包公司官网/display.png?imageMogr2/format/webp/thumbnail/!80p" alt="image"></p>,0,蓝色网络外包公司官网,16/6/2022 12:29:19.459,62738f2b5736a80d677b2263,16/6/2022 12:29:19.46
62ab221f2be97f6b3b88712a,0,62738e57c453807fec5b4b21,16/6/2022 12:29:19.563,https://files.idleduck.cn/file/绿色极简宽屏摄影相册展示单页-1655198018045.zip,0,FALSE,TRUE,"[ ""HTML"", ""CSS"", ""JavaScript"" ]",https://files.idleduck.cn/public/绿色极简宽屏摄影相册展示单页/picture.png,62738db4c453807fec5b4b11,1,[ ],https://files.idleduck.cn/public/绿色极简宽屏摄影相册展示单页/index.html,<p><img src="https://files.idleduck.cn/public/绿色极简宽屏摄影相册展示单页/display.png?imageMogr2/format/webp/thumbnail/!80p" alt="image"></p>,0,绿色极简宽屏摄影相册展示单页,16/6/2022 12:29:19.56,62738f285736a80d677b225d,16/6/2022 12:29:19.563
62ab221f2be97f6b3b88712c,0,62738e57c453807fec5b4b21,16/6/2022 12:29:19.665,https://files.idleduck.cn/file/宽屏高端个人旅游图片博客-1655195621699.zip,0,FALSE,TRUE,"[ ""HTML"", ""CSS"", ""JavaScript"" ]",https://files.idleduck.cn/public/宽屏高端个人旅游图片博客/picture.png,62738db4c453807fec5b4b11,1,[ ],https://files.idleduck.cn/public/宽屏高端个人旅游图片博客/index.html,<p><img src="https://files.idleduck.cn/public/宽屏高端个人旅游图片博客/display.png?imageMogr2/format/webp/thumbnail/!80p" alt="image"></p>,0,宽屏高端个人旅游图片博客,16/6/2022 12:29:19.665,62738f255736a80d677b2257,16/6/2022 12:29:19.665
62ab221f2be97f6b3b88712e,0,62738e57c453807fec5b4b21,16/6/2022 12:29:19.767,https://files.idleduck.cn/file/简洁农业科技企业源码-1655196712732.zip,0,FALSE,TRUE,"[ ""HTML"", ""CSS"", ""JavaScript"" ]",https://files.idleduck.cn/public/简洁农业科技企业源码/picture.png,62738db4c453807fec5b4b11,1,[ ],https://files.idleduck.cn/public/简洁农业科技企业源码/index.html,<p><img src="https://files.idleduck.cn/public/简洁农业科技企业源码/display.png?imageMogr2/format/webp/thumbnail/!80p" alt="image"></p>,0,简洁农业科技企业源码,16/6/2022 12:29:19.767,62a9a249a1cb2d6d14571c94,16/6/2022 12:29:19.767
